[
  {
    "pk": 20,
    "model": "contenttypes.contenttype",
    "fields": {
      "model": "administrator",
      "name": "administrator",
      "app_label": "administrator"
    }
  },
  {
    "pk": 4,
    "model": "contenttypes.contenttype",
    "fields": {
      "model": "contenttype",
      "name": "content type",
      "app_label": "contenttypes"
    }
  },
  {
    "pk": 11,
    "model": "contenttypes.contenttype",
    "fields": {
      "model": "course",
      "name": "course",
      "app_label": "course"
    }
  },
  {
    "pk": 8,
    "model": "contenttypes.contenttype",
    "fields": {
      "model": "coursemeta",
      "name": "course meta",
      "app_label": "course"
    }
  },
  {
    "pk": 10,
    "model": "contenttypes.contenttype",
    "fields": {
      "model": "coursetime",
      "name": "course time",
      "app_label": "course"
    }
  },
  {
    "pk": 9,
    "model": "contenttypes.contenttype",
    "fields": {
      "model": "coursetype",
      "name": "course type",
      "app_label": "course"
    }
  },
  {
    "pk": 13,
    "model": "contenttypes.contenttype",
    "fields": {
      "model": "department",
      "name": "department",
      "app_label": "school"
    }
  },
  {
    "pk": 2,
    "model": "contenttypes.contenttype",
    "fields": {
      "model": "group",
      "name": "group",
      "app_label": "auth"
    }
  },
  {
    "pk": 7,
    "model": "contenttypes.contenttype",
    "fields": {
      "model": "logentry",
      "name": "log entry",
      "app_label": "admin"
    }
  },
  {
    "pk": 1,
    "model": "contenttypes.contenttype",
    "fields": {
      "model": "permission",
      "name": "permission",
      "app_label": "auth"
    }
  },
  {
    "pk": 12,
    "model": "contenttypes.contenttype",
    "fields": {
      "model": "school",
      "name": "school",
      "app_label": "school"
    }
  },
  {
    "pk": 5,
    "model": "contenttypes.contenttype",
    "fields": {
      "model": "session",
      "name": "session",
      "app_label": "sessions"
    }
  },
  {
    "pk": 6,
    "model": "contenttypes.contenttype",
    "fields": {
      "model": "site",
      "name": "site",
      "app_label": "sites"
    }
  },
  {
    "pk": 14,
    "model": "contenttypes.contenttype",
    "fields": {
      "model": "speciality",
      "name": "speciality",
      "app_label": "school"
    }
  },
  {
    "pk": 18,
    "model": "contenttypes.contenttype",
    "fields": {
      "model": "student",
      "name": "student",
      "app_label": "student"
    }
  },
  {
    "pk": 17,
    "model": "contenttypes.contenttype",
    "fields": {
      "model": "studentmeta",
      "name": "student meta",
      "app_label": "student"
    }
  },
  {
    "pk": 16,
    "model": "contenttypes.contenttype",
    "fields": {
      "model": "studentminor",
      "name": "student minor",
      "app_label": "student"
    }
  },
  {
    "pk": 15,
    "model": "contenttypes.contenttype",
    "fields": {
      "model": "takes",
      "name": "takes",
      "app_label": "take"
    }
  },
  {
    "pk": 19,
    "model": "contenttypes.contenttype",
    "fields": {
      "model": "teacher",
      "name": "teacher",
      "app_label": "teacher"
    }
  },
  {
    "pk": 3,
    "model": "contenttypes.contenttype",
    "fields": {
      "model": "user",
      "name": "user",
      "app_label": "auth"
    }
  },
  {
    "pk": 1,
    "model": "sites.site",
    "fields": {
      "domain": "example.com",
      "name": "example.com"
    }
  },
  {
    "pk": 1,
    "model": "course.coursetype",
    "fields": {
      "type_name": "PubC"
    }
  },
  {
    "pk": 2,
    "model": "course.coursetype",
    "fields": {
      "type_name": "PubE"
    }
  },
  {
    "pk": 3,
    "model": "course.coursetype",
    "fields": {
      "type_name": "ProC"
    }
  },
  {
    "pk": 4,
    "model": "course.coursetype",
    "fields": {
      "type_name": "ProE"
    }
  },
  {
    "pk": 1,
    "model": "course.coursetime",
    "fields": {
      "week": 2,
      "location": "\u4e1cC501",
      "time": "DE"
    }
  },
  {
    "pk": 2,
    "model": "course.coursetime",
    "fields": {
      "week": 3,
      "location": "\u4e1cA302",
      "time": "GHI"
    }
  },
  {
    "pk": 3,
    "model": "course.coursetime",
    "fields": {
      "week": 2,
      "location": "\u4e1cB202",
      "time": "ABC"
    }
  },
  {
    "pk": 4,
    "model": "course.coursetime",
    "fields": {
      "week": 2,
      "location": "\u4e1cC201",
      "time": "CDE"
    }
  },
  {
    "pk": 5,
    "model": "course.coursetime",
    "fields": {
      "week": 3,
      "location": "\u4e1cC201",
      "time": "GH"
    }
  },
  {
    "pk": 2,
    "model": "course.course",
    "fields": {
      "assessment_avgscore": "0.00",
      "academic_year": "2011-2012",
      "capacity": 9999,
      "name": "\u8ba1\u7b97\u673a\u56fe\u5f62\u5b66",
      "course_time": [
        1
      ],
      "course_type": 4,
      "final_percentage": 60,
      "hastaken": 0,
      "teacher": 1,
      "credit": 2,
      "semester": 1,
      "attendance_percentage": 10,
      "department": 1,
      "exam_method": "\u8003\u67e5",
      "course_meta": null,
      "screened": false,
      "assessment_num": 0,
      "to_week": 20,
      "from_week": 1
    }
  },
  {
    "pk": 3,
    "model": "course.course",
    "fields": {
      "assessment_avgscore": "0.00",
      "academic_year": "2012-2013",
      "capacity": 9999,
      "name": "\u8f6f\u4ef6\u5de5\u7a0b\u5bfc\u8bba\u53ca\u5b9e\u8df5",
      "course_time": [
        2
      ],
      "course_type": 4,
      "final_percentage": 60,
      "hastaken": 0,
      "teacher": 2,
      "credit": 3,
      "semester": 1,
      "attendance_percentage": 10,
      "department": 1,
      "exam_method": "\u8003\u67e5",
      "course_meta": null,
      "screened": false,
      "assessment_num": 0,
      "to_week": 20,
      "from_week": 1
    }
  },
  {
    "pk": 5,
    "model": "course.course",
    "fields": {
      "assessment_avgscore": "0.00",
      "academic_year": "2012-2013",
      "capacity": 9999,
      "name": "Test_Collision1",
      "course_time": [
        4
      ],
      "course_type": 4,
      "final_percentage": 60,
      "hastaken": 1,
      "teacher": 4,
      "credit": 3,
      "semester": 1,
      "attendance_percentage": 10,
      "department": 1,
      "exam_method": "\u7b14\u8bd5",
      "course_meta": null,
      "screened": false,
      "assessment_num": 0,
      "to_week": 18,
      "from_week": 1
    }
  },
  {
    "pk": 6,
    "model": "course.course",
    "fields": {
      "assessment_avgscore": "0.00",
      "academic_year": "2012-2013",
      "capacity": 5,
      "name": "Test_Capacity1",
      "course_time": [
        5
      ],
      "course_type": 2,
      "final_percentage": 60,
      "hastaken": 5,
      "teacher": 4,
      "credit": 2,
      "semester": 1,
      "attendance_percentage": 10,
      "department": 1,
      "exam_method": "\u7b14\u8bd5",
      "course_meta": null,
      "screened": false,
      "assessment_num": 0,
      "to_week": 18,
      "from_week": 1
    }
  },
  {
    "pk": 1,
    "model": "course.course",
    "fields": {
      "assessment_avgscore": "0.00",
      "academic_year": "2012-2013",
      "capacity": 9999,
      "name": "\u8ba1\u7b97\u673a\u56fe\u5f62\u5b66",
      "course_time": [
        1
      ],
      "course_type": 4,
      "final_percentage": 60,
      "hastaken": 2,
      "teacher": 1,
      "credit": 2,
      "semester": 1,
      "attendance_percentage": 10,
      "department": 1,
      "exam_method": "\u8003\u67e5",
      "course_meta": null,
      "screened": false,
      "assessment_num": 0,
      "to_week": 20,
      "from_week": 1
    }
  },
  {
    "pk": 4,
    "model": "course.course",
    "fields": {
      "assessment_avgscore": "0.00",
      "academic_year": "2010-2011",
      "capacity": 9999,
      "name": "\u6570\u5b66\u5206\u6790II",
      "course_time": [
        3
      ],
      "course_type": 3,
      "final_percentage": 70,
      "hastaken": 2,
      "teacher": 3,
      "credit": 3,
      "semester": 2,
      "attendance_percentage": 10,
      "department": 1,
      "exam_method": "\u7b14\u8bd5",
      "course_meta": null,
      "screened": false,
      "assessment_num": 0,
      "to_week": 18,
      "from_week": 1
    }
  },
  {
    "pk": 1,
    "model": "school.school",
    "fields": {
      "name": "SIST",
      "addr": ""
    }
  },
  {
    "pk": 2,
    "model": "school.school",
    "fields": {
      "name": "SS",
      "addr": ""
    }
  },
  {
    "pk": 1,
    "model": "school.department",
    "fields": {
      "school": 1,
      "name": "CS",
      "addr": ""
    }
  },
  {
    "pk": 1,
    "model": "school.speciality",
    "fields": {
      "department": 1,
      "name": "CST"
    }
  },
  {
    "pk": 1,
    "model": "take.takes",
    "fields": {
      "attendance": 100,
      "has_assessment": false,
      "final_score": 0,
      "usual_score": 0,
      "screened": false,
      "course": 1,
      "score": 0,
      "rank": 0,
      "student": 1
    }
  },
  {
    "pk": 2,
    "model": "take.takes",
    "fields": {
      "attendance": 100,
      "has_assessment": false,
      "final_score": 0,
      "usual_score": 0,
      "screened": false,
      "course": 1,
      "score": 0,
      "rank": 0,
      "student": 3
    }
  },
  {
    "pk": 3,
    "model": "take.takes",
    "fields": {
      "attendance": 100,
      "has_assessment": true,
      "final_score": 60,
      "usual_score": 80,
      "screened": true,
      "course": 4,
      "score": 66,
      "rank": 2,
      "student": 3
    }
  },
  {
    "pk": 4,
    "model": "take.takes",
    "fields": {
      "attendance": 100,
      "has_assessment": true,
      "final_score": 95,
      "usual_score": 90,
      "screened": true,
      "course": 4,
      "score": 93,
      "rank": 1,
      "student": 1
    }
  },
  {
    "pk": 1,
    "model": "student.studentmeta",
    "fields": {
      "major": 1,
      "req_pubcourse": 0,
      "req_pubelective": 0,
      "type_name": "UG",
      "req_procourse": 0,
      "year": "2010",
      "req_proelective": 0
    }
  },
  {
    "pk": 19,
    "model": "auth.permission",
    "fields": {
      "codename": "add_logentry",
      "name": "Can add log entry",
      "content_type": 7
    }
  },
  {
    "pk": 20,
    "model": "auth.permission",
    "fields": {
      "codename": "change_logentry",
      "name": "Can change log entry",
      "content_type": 7
    }
  },
  {
    "pk": 21,
    "model": "auth.permission",
    "fields": {
      "codename": "delete_logentry",
      "name": "Can delete log entry",
      "content_type": 7
    }
  },
  {
    "pk": 58,
    "model": "auth.permission",
    "fields": {
      "codename": "add_administrator",
      "name": "Can add administrator",
      "content_type": 20
    }
  },
  {
    "pk": 59,
    "model": "auth.permission",
    "fields": {
      "codename": "change_administrator",
      "name": "Can change administrator",
      "content_type": 20
    }
  },
  {
    "pk": 60,
    "model": "auth.permission",
    "fields": {
      "codename": "delete_administrator",
      "name": "Can delete administrator",
      "content_type": 20
    }
  },
  {
    "pk": 4,
    "model": "auth.permission",
    "fields": {
      "codename": "add_group",
      "name": "Can add group",
      "content_type": 2
    }
  },
  {
    "pk": 5,
    "model": "auth.permission",
    "fields": {
      "codename": "change_group",
      "name": "Can change group",
      "content_type": 2
    }
  },
  {
    "pk": 6,
    "model": "auth.permission",
    "fields": {
      "codename": "delete_group",
      "name": "Can delete group",
      "content_type": 2
    }
  },
  {
    "pk": 1,
    "model": "auth.permission",
    "fields": {
      "codename": "add_permission",
      "name": "Can add permission",
      "content_type": 1
    }
  },
  {
    "pk": 2,
    "model": "auth.permission",
    "fields": {
      "codename": "change_permission",
      "name": "Can change permission",
      "content_type": 1
    }
  },
  {
    "pk": 3,
    "model": "auth.permission",
    "fields": {
      "codename": "delete_permission",
      "name": "Can delete permission",
      "content_type": 1
    }
  },
  {
    "pk": 7,
    "model": "auth.permission",
    "fields": {
      "codename": "add_user",
      "name": "Can add user",
      "content_type": 3
    }
  },
  {
    "pk": 8,
    "model": "auth.permission",
    "fields": {
      "codename": "change_user",
      "name": "Can change user",
      "content_type": 3
    }
  },
  {
    "pk": 9,
    "model": "auth.permission",
    "fields": {
      "codename": "delete_user",
      "name": "Can delete user",
      "content_type": 3
    }
  },
  {
    "pk": 10,
    "model": "auth.permission",
    "fields": {
      "codename": "add_contenttype",
      "name": "Can add content type",
      "content_type": 4
    }
  },
  {
    "pk": 11,
    "model": "auth.permission",
    "fields": {
      "codename": "change_contenttype",
      "name": "Can change content type",
      "content_type": 4
    }
  },
  {
    "pk": 12,
    "model": "auth.permission",
    "fields": {
      "codename": "delete_contenttype",
      "name": "Can delete content type",
      "content_type": 4
    }
  },
  {
    "pk": 31,
    "model": "auth.permission",
    "fields": {
      "codename": "add_course",
      "name": "Can add course",
      "content_type": 11
    }
  },
  {
    "pk": 32,
    "model": "auth.permission",
    "fields": {
      "codename": "change_course",
      "name": "Can change course",
      "content_type": 11
    }
  },
  {
    "pk": 33,
    "model": "auth.permission",
    "fields": {
      "codename": "delete_course",
      "name": "Can delete course",
      "content_type": 11
    }
  },
  {
    "pk": 22,
    "model": "auth.permission",
    "fields": {
      "codename": "add_coursemeta",
      "name": "Can add course meta",
      "content_type": 8
    }
  },
  {
    "pk": 23,
    "model": "auth.permission",
    "fields": {
      "codename": "change_coursemeta",
      "name": "Can change course meta",
      "content_type": 8
    }
  },
  {
    "pk": 24,
    "model": "auth.permission",
    "fields": {
      "codename": "delete_coursemeta",
      "name": "Can delete course meta",
      "content_type": 8
    }
  },
  {
    "pk": 28,
    "model": "auth.permission",
    "fields": {
      "codename": "add_coursetime",
      "name": "Can add course time",
      "content_type": 10
    }
  },
  {
    "pk": 29,
    "model": "auth.permission",
    "fields": {
      "codename": "change_coursetime",
      "name": "Can change course time",
      "content_type": 10
    }
  },
  {
    "pk": 30,
    "model": "auth.permission",
    "fields": {
      "codename": "delete_coursetime",
      "name": "Can delete course time",
      "content_type": 10
    }
  },
  {
    "pk": 25,
    "model": "auth.permission",
    "fields": {
      "codename": "add_coursetype",
      "name": "Can add course type",
      "content_type": 9
    }
  },
  {
    "pk": 26,
    "model": "auth.permission",
    "fields": {
      "codename": "change_coursetype",
      "name": "Can change course type",
      "content_type": 9
    }
  },
  {
    "pk": 27,
    "model": "auth.permission",
    "fields": {
      "codename": "delete_coursetype",
      "name": "Can delete course type",
      "content_type": 9
    }
  },
  {
    "pk": 37,
    "model": "auth.permission",
    "fields": {
      "codename": "add_department",
      "name": "Can add department",
      "content_type": 13
    }
  },
  {
    "pk": 38,
    "model": "auth.permission",
    "fields": {
      "codename": "change_department",
      "name": "Can change department",
      "content_type": 13
    }
  },
  {
    "pk": 39,
    "model": "auth.permission",
    "fields": {
      "codename": "delete_department",
      "name": "Can delete department",
      "content_type": 13
    }
  },
  {
    "pk": 34,
    "model": "auth.permission",
    "fields": {
      "codename": "add_school",
      "name": "Can add school",
      "content_type": 12
    }
  },
  {
    "pk": 35,
    "model": "auth.permission",
    "fields": {
      "codename": "change_school",
      "name": "Can change school",
      "content_type": 12
    }
  },
  {
    "pk": 36,
    "model": "auth.permission",
    "fields": {
      "codename": "delete_school",
      "name": "Can delete school",
      "content_type": 12
    }
  },
  {
    "pk": 40,
    "model": "auth.permission",
    "fields": {
      "codename": "add_speciality",
      "name": "Can add speciality",
      "content_type": 14
    }
  },
  {
    "pk": 41,
    "model": "auth.permission",
    "fields": {
      "codename": "change_speciality",
      "name": "Can change speciality",
      "content_type": 14
    }
  },
  {
    "pk": 42,
    "model": "auth.permission",
    "fields": {
      "codename": "delete_speciality",
      "name": "Can delete speciality",
      "content_type": 14
    }
  },
  {
    "pk": 13,
    "model": "auth.permission",
    "fields": {
      "codename": "add_session",
      "name": "Can add session",
      "content_type": 5
    }
  },
  {
    "pk": 14,
    "model": "auth.permission",
    "fields": {
      "codename": "change_session",
      "name": "Can change session",
      "content_type": 5
    }
  },
  {
    "pk": 15,
    "model": "auth.permission",
    "fields": {
      "codename": "delete_session",
      "name": "Can delete session",
      "content_type": 5
    }
  },
  {
    "pk": 16,
    "model": "auth.permission",
    "fields": {
      "codename": "add_site",
      "name": "Can add site",
      "content_type": 6
    }
  },
  {
    "pk": 17,
    "model": "auth.permission",
    "fields": {
      "codename": "change_site",
      "name": "Can change site",
      "content_type": 6
    }
  },
  {
    "pk": 18,
    "model": "auth.permission",
    "fields": {
      "codename": "delete_site",
      "name": "Can delete site",
      "content_type": 6
    }
  },
  {
    "pk": 52,
    "model": "auth.permission",
    "fields": {
      "codename": "add_student",
      "name": "Can add student",
      "content_type": 18
    }
  },
  {
    "pk": 53,
    "model": "auth.permission",
    "fields": {
      "codename": "change_student",
      "name": "Can change student",
      "content_type": 18
    }
  },
  {
    "pk": 54,
    "model": "auth.permission",
    "fields": {
      "codename": "delete_student",
      "name": "Can delete student",
      "content_type": 18
    }
  },
  {
    "pk": 49,
    "model": "auth.permission",
    "fields": {
      "codename": "add_studentmeta",
      "name": "Can add student meta",
      "content_type": 17
    }
  },
  {
    "pk": 50,
    "model": "auth.permission",
    "fields": {
      "codename": "change_studentmeta",
      "name": "Can change student meta",
      "content_type": 17
    }
  },
  {
    "pk": 51,
    "model": "auth.permission",
    "fields": {
      "codename": "delete_studentmeta",
      "name": "Can delete student meta",
      "content_type": 17
    }
  },
  {
    "pk": 46,
    "model": "auth.permission",
    "fields": {
      "codename": "add_studentminor",
      "name": "Can add student minor",
      "content_type": 16
    }
  },
  {
    "pk": 47,
    "model": "auth.permission",
    "fields": {
      "codename": "change_studentminor",
      "name": "Can change student minor",
      "content_type": 16
    }
  },
  {
    "pk": 48,
    "model": "auth.permission",
    "fields": {
      "codename": "delete_studentminor",
      "name": "Can delete student minor",
      "content_type": 16
    }
  },
  {
    "pk": 43,
    "model": "auth.permission",
    "fields": {
      "codename": "add_takes",
      "name": "Can add takes",
      "content_type": 15
    }
  },
  {
    "pk": 44,
    "model": "auth.permission",
    "fields": {
      "codename": "change_takes",
      "name": "Can change takes",
      "content_type": 15
    }
  },
  {
    "pk": 45,
    "model": "auth.permission",
    "fields": {
      "codename": "delete_takes",
      "name": "Can delete takes",
      "content_type": 15
    }
  },
  {
    "pk": 55,
    "model": "auth.permission",
    "fields": {
      "codename": "add_teacher",
      "name": "Can add teacher",
      "content_type": 19
    }
  },
  {
    "pk": 56,
    "model": "auth.permission",
    "fields": {
      "codename": "change_teacher",
      "name": "Can change teacher",
      "content_type": 19
    }
  },
  {
    "pk": 57,
    "model": "auth.permission",
    "fields": {
      "codename": "delete_teacher",
      "name": "Can delete teacher",
      "content_type": 19
    }
  },
  {
    "pk": 1,
    "model": "auth.group",
    "fields": {
      "name": "student",
      "permissions": []
    }
  },
  {
    "pk": 2,
    "model": "auth.group",
    "fields": {
      "name": "teacher",
      "permissions": []
    }
  },
  {
    "pk": 1,
    "model": "auth.user",
    "fields": {
      "username": "admin",
      "first_name": "",
      "last_name": "",
      "is_active": true,
      "is_superuser": true,
      "is_staff": true,
      "last_login": "2012-12-04T17:18:13.849Z",
      "groups": [],
      "user_permissions": [],
      "password": "pbkdf2_sha256$10000$ZjBqxZDjbIIP$gN3O4TbbvsL+XLsgPjn4FPl5dzxU2PzASHBs2XNge8U=",
      "email": "admin@admin.com",
      "date_joined": "2012-12-04T17:05:52.339Z"
    }
  },
  {
    "pk": 2,
    "model": "auth.user",
    "fields": {
      "username": "10383001",
      "first_name": "",
      "last_name": "",
      "is_active": true,
      "is_superuser": false,
      "is_staff": false,
      "last_login": "2012-12-04T17:21:46.021Z",
      "groups": [
        1
      ],
      "user_permissions": [],
      "password": "pbkdf2_sha256$10000$9y5Idy0p0IIc$PuYG45q/K8lQaFwTNkLIJEYwzF0dy/E3SQbLQ7J90aI=",
      "email": "",
      "date_joined": "2012-12-04T17:21:46.021Z"
    }
  },
  {
    "pk": 3,
    "model": "auth.user",
    "fields": {
      "username": "10383002",
      "first_name": "",
      "last_name": "",
      "is_active": true,
      "is_superuser": false,
      "is_staff": false,
      "last_login": "2012-12-04T17:21:46.174Z",
      "groups": [
        1
      ],
      "user_permissions": [],
      "password": "pbkdf2_sha256$10000$4W4u6FHEOJkl$ExZTScnqjU9QIHdeOIldwSJ9vCjTRa06YhvkdCi/73M=",
      "email": "",
      "date_joined": "2012-12-04T17:21:46.174Z"
    }
  },
  {
    "pk": 4,
    "model": "auth.user",
    "fields": {
      "username": "10383067",
      "first_name": "",
      "last_name": "",
      "is_active": true,
      "is_superuser": false,
      "is_staff": false,
      "last_login": "2012-12-04T17:21:46.329Z",
      "groups": [
        1
      ],
      "user_permissions": [],
      "password": "pbkdf2_sha256$10000$q6Zqhyr7KAeR$9M7BOaFVm2GKiWvyxv9aionkjnuP+hegpt4SCW5dcTA=",
      "email": "",
      "date_joined": "2012-12-04T17:21:46.329Z"
    }
  },
  {
    "pk": 5,
    "model": "auth.user",
    "fields": {
      "username": "jqg",
      "first_name": "",
      "last_name": "",
      "is_active": true,
      "is_superuser": false,
      "is_staff": false,
      "last_login": "2012-12-04T17:21:46.499Z",
      "groups": [
        2
      ],
      "user_permissions": [],
      "password": "pbkdf2_sha256$10000$edW84vqP8Ijq$KMa6GEO6wGvEjlKLSxQJR56jJzcNOV5g82hwWqnW/s0=",
      "email": "",
      "date_joined": "2012-12-04T17:21:46.499Z"
    }
  },
  {
    "pk": 6,
    "model": "auth.user",
    "fields": {
      "username": "yy",
      "first_name": "",
      "last_name": "",
      "is_active": true,
      "is_superuser": false,
      "is_staff": false,
      "last_login": "2012-12-04T17:21:46.651Z",
      "groups": [
        2
      ],
      "user_permissions": [],
      "password": "pbkdf2_sha256$10000$O9jKEUu8ISO0$h/nW0QamOPD1FyInJ52V3M5wx0MkbaGbab0b6mogdZs=",
      "email": "",
      "date_joined": "2012-12-04T17:21:46.651Z"
    }
  },
  {
    "pk": 7,
    "model": "auth.user",
    "fields": {
      "username": "qdw",
      "first_name": "",
      "last_name": "",
      "is_active": true,
      "is_superuser": false,
      "is_staff": false,
      "last_login": "2012-12-04T17:21:46.797Z",
      "groups": [
        2
      ],
      "user_permissions": [],
      "password": "pbkdf2_sha256$10000$f5z8AxIVUUmz$mrvlzfCcfA7S7jy/gYT2zIUcHx8krIFqHyJ2fK2n5j4=",
      "email": "",
      "date_joined": "2012-12-04T17:21:46.797Z"
    }
  },
  {
    "pk": 8,
    "model": "auth.user",
    "fields": {
      "username": "naive",
      "first_name": "",
      "last_name": "",
      "is_active": true,
      "is_superuser": false,
      "is_staff": false,
      "last_login": "2012-12-04T17:21:46.940Z",
      "groups": [
        2
      ],
      "user_permissions": [],
      "password": "pbkdf2_sha256$10000$gANL4JZGq1ll$1fitLlR/lL1OmbmffiR1iN5R3hcNDEN+CCYXD919H8w=",
      "email": "",
      "date_joined": "2012-12-04T17:21:46.940Z"
    }
  },
  {
    "pk": 9,
    "model": "auth.user",
    "fields": {
      "username": "admini",
      "first_name": "",
      "last_name": "",
      "is_active": true,
      "is_superuser": false,
      "is_staff": false,
      "last_login": "2012-12-04T17:21:47.088Z",
      "groups": [],
      "user_permissions": [],
      "password": "pbkdf2_sha256$10000$P1ywtiWTlBYh$m57xSnVe8ycyMecx7hUM1D/kANAQBxpKNT9SQS43SEI=",
      "email": "",
      "date_joined": "2012-12-04T17:21:47.088Z"
    }
  },
  {
    "pk": 1,
    "model": "student.student",
    "fields": {
      "pubelective_gpa": "0.0",
      "pubcourse_credit": 0,
      "student_meta": 1,
      "student_minor": [],
      "gpa": "0.0",
      "pubelective_credit": 0,
      "proelective_gpa": "0.0",
      "user": 2,
      "proelective_credit": 0,
      "procourse_gpa": "0.0",
      "student_name": "ABC",
      "pubcourse_gpa": "0.0",
      "procourse_credit": 0
    }
  },
  {
    "pk": 2,
    "model": "student.student",
    "fields": {
      "pubelective_gpa": "0.0",
      "pubcourse_credit": 0,
      "student_meta": 1,
      "student_minor": [],
      "gpa": "0.0",
      "pubelective_credit": 0,
      "proelective_gpa": "0.0",
      "user": 3,
      "proelective_credit": 0,
      "procourse_gpa": "0.0",
      "student_name": "BCD",
      "pubcourse_gpa": "0.0",
      "procourse_credit": 0
    }
  },
  {
    "pk": 3,
    "model": "student.student",
    "fields": {
      "pubelective_gpa": "0.0",
      "pubcourse_credit": 0,
      "student_meta": 1,
      "student_minor": [],
      "gpa": "0.0",
      "pubelective_credit": 0,
      "proelective_gpa": "0.0",
      "user": 4,
      "proelective_credit": 0,
      "procourse_gpa": "0.0",
      "student_name": "\u949f\u5b87\u817e",
      "pubcourse_gpa": "0.0",
      "procourse_credit": 0
    }
  },
  {
    "pk": 1,
    "model": "teacher.teacher",
    "fields": {
      "teacher_name": "\u7eaa\u5e86\u9769",
      "title": "AP",
      "site": null,
      "user": 5,
      "department": 1,
      "img_addr": null
    }
  },
  {
    "pk": 2,
    "model": "teacher.teacher",
    "fields": {
      "teacher_name": "\u8863\u626c",
      "title": "AP",
      "site": null,
      "user": 6,
      "department": 1,
      "img_addr": null
    }
  },
  {
    "pk": 3,
    "model": "teacher.teacher",
    "fields": {
      "teacher_name": "\u90b1\u9053\u6587",
      "title": "P",
      "site": null,
      "user": 7,
      "department": 1,
      "img_addr": null
    }
  },
  {
    "pk": 4,
    "model": "teacher.teacher",
    "fields": {
      "teacher_name": "\u62ff\u8863\u670d",
      "title": "P",
      "site": null,
      "user": 8,
      "department": 1,
      "img_addr": null
    }
  },
  {
    "pk": 1,
    "model": "administrator.administrator",
    "fields": {
      "school": null,
      "administrator_name": "\u6211\u662f\u4f20\u5947",
      "user": 9
    }
  }
]